equation,equation_en
"$ i\in\left\lbrace 0 , 2 , 3 , 4 \right\rbrace $", i in \left \lbrace 0 comma 2 comma 3 comma 4 \right \rbrace 
$ \displaystyle b=1+2\left\lfloor \sqrt { k } \right\rfloor $, displaystyle b equals 1 plus 2 \left left floor \sqrt open brace k close brace \right right floor 
$ \exp^ { \pm \ci k_0 x } $, \exp to the power of open brace plus or minus \ci k subscript 0 x close brace 
"$ M=1.4\ , \mathrm { M_\odot } $", M equals 1 point 4 comma \mathrm open brace M subscript \odot close brace 
"$ \Proj ( \A_ { n , d } ) $", \Proj open parenthesis \A subscript open brace n comma d close brace close parenthesis 
$ G_ { > 0.1 } ^\T { normal } $, G subscript open brace greater than 0 point 1 close brace to the power of \T open brace normal close brace 
$ { \mathrm c } ( G ) $, open brace \mathrm c close brace open parenthesis G close parenthesis 
$ \p = \ { \p_i\ } $, \p equals open brace \p subscript i close brace 
$ x^ { \perp_P } $, x to the power of open brace \perp subscript P close brace 
$ { \cal L } _ { \pm } $, open brace \cal L close brace subscript open brace plus or minus close brace 
"$ d=1 , 2 , 3 , \ldots , l $", d equals 1 comma 2 comma 3 comma \ldots comma l 
$ \hat { \theta } ^ { ( 1 ) } _ { mn } $, \hat open brace theta close brace to the power of open brace open parenthesis 1 close parenthesis close brace subscript open brace mn close brace 
$ \alpha=i\sqrt { 2S\Gamma_ { \rm d } } $, alpha equals i \sqrt open brace 2S Gamma subscript open brace roman d close brace close brace 
$ \Re { \ { J_NL_N^ * w\ } } $, \Re open brace open brace J subscript NL subscript N to the power of times w close brace close brace 
$ f_\mathrm { s } ( T ) $, f subscript \mathrm open brace s close brace open parenthesis T close parenthesis 
$ \blambda \in \overrightarrow { \Ck } ( M ) $, \blambda in \overrightarrow open brace \Ck close brace open parenthesis M close parenthesis 
$ \cbrac { \hat { x } _k } _ { k\geq 0 } $, \cbrac open brace \hat open brace x close brace subscript k close brace subscript open brace k greater than or equal to 0 close brace 
$ \ # _\textsc { a } ( \textit { e } ) $, hash subscript \textsc open brace a close brace open parenthesis \textit open brace e close brace close parenthesis 
$ m\sim \sqrt { T_ { D2 } } \sim { M_ { \rm pl } / t^ { 1/4 } _1 } $, m similar to \sqrt open brace T subscript open brace D2 close brace close brace similar to open brace M subscript open brace roman pl close brace divided by t to the power of open brace 1 divided by 4 close brace subscript 1 close brace 
$ \lambda_ { \varepsilon } \geq 0 $, lambda subscript open brace \varepsilon close brace greater than or equal to 0 
$ $ \| C_ { \varphi } f\|\geq c\|f\| . $ $,  vertical bar C subscript open brace \varphi close brace f vertical bar greater than or equal to c vertical bar f vertical bar point  
$ \mathcal\ { F|_ { \ol { s } } $, calligraphic font open brace F vertical bar subscript open brace \ol open brace s close brace close brace 
$ \mathrm\ { O ( n ) $, \mathrm open brace O open parenthesis n close parenthesis 
"$ \dwp ( \calDX , \calDY ) \leq \dgwi ( \calX , \calY ) $", \dwp open parenthesis \calDX comma \calDY close parenthesis less than or equal to \dgwi open parenthesis \calX comma \calY close parenthesis 
$ f ( x ) \in \zz_p [ T ] $, f open parenthesis x close parenthesis in \zz subscript p open bracket T close bracket 
"$ ds\mu_s ( dx ) dz\bar\a_s ( x , da ) $", ds mu subscript s open parenthesis dx close parenthesis dz overline \a subscript s open parenthesis x comma da close parenthesis 
$ \bbF=\bbH $, \bbF equals \bbH 
$ _\triangle $, subscript \triangle 
$ \sqrt { k_x^\text { max } + k_y^\text { max } } $, \sqrt open brace k subscript x to the power of \text open brace max close brace plus k subscript y to the power of \text open brace max close brace close brace 
"$ v ' \in V \setminus \Set { v , w } $", v ' in V \setminus \Set open brace v comma w close brace 
$ 59.53\phantom { ^ { * * * } } $, 59 point 53 \phantom open brace to the power of open brace times times times close brace close brace 
"$ { p } _ { \left [ t_1 , t_2\right ] } \in \mathbb { R } $", open brace p close brace subscript open brace \left open bracket t subscript 1 comma t subscript 2 \right close bracket close brace in blackboard bold font open brace R close brace 
$ \mathit { Small } $, \mathit open brace Small close brace 
$ \ket { 00 } \ket { g } $, \ket open brace 00 close brace \ket open brace g close brace 
$ \om_ { n+1 } =\xi_nxy \xi_ { n-1 } yx $, \om subscript open brace n plus 1 close brace equals xi subscript nxy xi subscript open brace n minus 1 close brace yx 
$ r_ { \mathit { peri } } =a ( 1-e ) < a $, r subscript open brace \mathit open brace peri close brace close brace equals a open parenthesis 1 minus e close parenthesis less than a 
"$ \epsilon^ { \eta , s } _m ( \ { \mathbf\ { k ) $", epsilon to the power of open brace eta comma s close brace subscript m open parenthesis open brace \mathbf open brace k close parenthesis 
$ D_ { \mathrm { 3d } } =6\pi\eta R \approx 10^2 \mu\mbox { m } ^2/\mbox { s } $, D subscript open brace \mathrm open brace 3d close brace close brace equals 6 pi eta R approximately equal to 10 to the power of 2 mu \mbox open brace m close brace to the power of 2 divided by \mbox open brace s close brace 
$ u^\star=-K_ { k^\star } x+L_ { k^\star } v. $, u to the power of \star equals minus K subscript open brace k to the power of \star close brace x plus L subscript open brace k to the power of \star close brace v point 
"$ ( L , \d ) $", open parenthesis L comma \d close parenthesis 
"$ \eta = ( \eta_1 , \dots , \eta_d ) ^T\in\mathbb { R } ^d $", eta equals open parenthesis eta subscript 1 comma \dots comma eta subscript d close parenthesis to the power of T in blackboard bold font open brace R close brace to the power of d 
"$ r , s\in\Na $", r comma s in \Na 
$ a\propto\sqrt { t } $, a proportional to \sqrt open brace t close brace 
$ \overline { { \vert \Delta u ( \tau ) \vert } ^ { m } } \neq m/3 $, \overline open brace open brace \vert Delta u open parenthesis tau close parenthesis \vert close brace to the power of open brace m close brace close brace not equal to m divided by 3 
$ \cT ( V^ * ) $, \cT open parenthesis V to the power of times close parenthesis 
$ v_ { \last } ( B_k ) \leq h $, v subscript open brace \last close brace open parenthesis B subscript k close parenthesis less than or equal to h 
$ \tilde { v } _+^ { \rm bag } = 0.0039 $, \tilde open brace v close brace subscript plus to the power of open brace roman bag close brace equals 0 point 0039 
$ \Aa = \zeta - 4\Bb $, \Aa equals zeta minus 4 \Bb 
$ \min\emptyset=0 $, \min empty set equals 0 
"$ \sum_ { q=1 } ^ { Q } P_ { D , q } /Q $", \sum subscript open brace q equals 1 close brace to the power of open brace Q close brace P subscript open brace D comma q close brace divided by Q 
$ \Delta^2= ( p_0-\iu \mu ) ^2 + \mstar^2 $, Delta to the power of 2 equals open parenthesis p subscript 0 minus \iu mu close parenthesis to the power of 2 plus \mstar to the power of 2 
"$ \cP= ( P_1 , \cdots , P_k ) $", \cP equals open parenthesis P subscript 1 comma times s comma P subscript k close parenthesis 
$ \vec { s } _q $, \vec open brace s close brace subscript q 
$ \max_ { \ell } \frac { n_\ell^2 } { n_0 } \to 0 $, \max subscript open brace \ell close brace frac open brace n subscript \ell to the power of 2 close brace open brace n subscript 0 close brace tends to 0 
$ E_\text { QHA } $, E subscript \text open brace QHA close brace 
$ \GCat $, \GCat 
"$ \mathbf { G } = { \ { \mathbf { V } , \mathbf { E } \ } } $", \mathbf open brace G close brace equals open brace open brace \mathbf open brace V close brace comma \mathbf open brace E close brace close brace close brace 
$ \hat { u } ^0 = \hat { [ P_ { \cX } u ( 0 ) ] } $, \hat open brace u close brace to the power of 0 equals \hat open brace open bracket P subscript open brace \cX close brace u open parenthesis 0 close parenthesis close bracket close brace 
"$ T\in \mc E ' ( \he n , E_0^ { h } ) $", T in \mc E ' open parenthesis \he n comma E subscript 0 to the power of open brace h close brace close parenthesis 
"$ is well-defined . In \S\ref { S-exi-Thm } , we prove that $", is well minus defined point In \S \ref open brace S minus exi minus Thm close brace comma we prove that 
$ 0.58 \le |k| < 0.78 $, 0 point 58 \le vertical bar k vertical bar less than 0 point 78 
$ \tilde { c } \approx\tfrac32 $, \tilde open brace c close brace approximately equal to \tfrac 32 
$ g^ { \varphi\varphi } $, g to the power of open brace \varphi \varphi close brace 
$ N ( i ) =I\setminus \ { i\ } $, N open parenthesis i close parenthesis equals I \setminus open brace i close brace 
$ \textnormal { null } ( \Psi ) =\bigcap_ { n_k > 0 } \mathcal { V } _k $, \textnormal open brace null close brace open parenthesis Psi close parenthesis equals \bigcap subscript open brace n subscript k greater than 0 close brace calligraphic font open brace V close brace subscript k 
$ a\sim2.6\au $, a similar to 2 point 6 \au 
$ \mD^ { \geq 0 } ( R ) $, \mD to the power of open brace greater than or equal to 0 close brace open parenthesis R close parenthesis 
$ H=\dot a ( t ) /a ( t ) $, H equals \dot a open parenthesis t close parenthesis divided by a open parenthesis t close parenthesis 
$ t_f < \frac { \rho_0-\rcap } { 1-\nu } $, t subscript f less than frac open brace rho subscript 0 minus \rcap close brace open brace 1 minus nu close brace 
$ \varepsilon=e^ { -\eta't } $, \varepsilon equals e to the power of open brace minus eta 't close brace 
$ } \label { 2.2.1 } $, close brace \label open brace 2 point 2 point 1 close brace 
"$ ( f_0 , f_1 ) \in \gF_\phi^2 $", open parenthesis f subscript 0 comma f subscript 1 close parenthesis in \gF subscript phi to the power of 2 
$ \hat { D } ( \partial_\alpha ) $, \hat open brace D close brace open parenthesis partial subscript alpha close parenthesis 
$ n_ { r\alpha } ^ { c_1 } \gg \log p $, n subscript open brace r alpha close brace to the power of open brace c subscript 1 close brace \gg logarithm of p 
$ \varphi\vert_ { \partial_D\mathcal B } = \overline\varphi $, \varphi \vert subscript open brace partial subscript D calligraphic font B close brace equals \overline \varphi 
$ H=G\cap\mathrm { SL } _ { n } $, H equals G intersection \mathrm open brace SL close brace subscript open brace n close brace 
$ \sum_ { j=1 } ^8 x_j=0 $, \sum subscript open brace j equals 1 close brace to the power of 8 x subscript j equals 0 
"$ ( x+2a+c , y+d-b ) \in \N $", open parenthesis x plus 2a plus c comma y plus d minus b close parenthesis in \N 
$ z^\bob_1 $, z to the power of \bob subscript 1 
$ ( \mu \pm \textrm { SE } ) = ( 74.4 \pm 1.2 ) \ % $, open parenthesis mu plus or minus \textrm open brace SE close brace close parenthesis equals open parenthesis 74 point 4 plus or minus 1 point 2 close parenthesis percent 
$ \tilde \gamma : =\nu ( \mu-2 ) +1 $, \tilde gamma colon equals nu open parenthesis mu minus 2 close parenthesis plus 1 
$ \ad ( f ) +\ad ( f ) ^ * $, \ad open parenthesis f close parenthesis plus \ad open parenthesis f close parenthesis to the power of times 
$ g ( \textup\ { At { \mathsf\ B_\ { \ # 1 n } ) $, g open parenthesis \textup open brace At open brace sans serif font B subscript open brace hash 1 n close brace close parenthesis 
"$ m=p_1\cdots p_\ell\in ( M,2M ] $", m equals p subscript 1 times s p subscript \ell in open parenthesis M comma 2M close bracket 
$ \ov { \eta } = \rho + j \omega $, \ov open brace eta close brace equals rho plus j omega 
$ \boldsymbol\ { \mu^ { ( k+1 ) } $, \boldsymbol open brace mu to the power of open brace open parenthesis k plus 1 close parenthesis close brace 
"$ \vec { f } = ( f , g ) ' $", \vec open brace f close brace equals open parenthesis f comma g close parenthesis ' 
$ P^\exists \colon \cat^ { op } \to { \bf MSLat } $, P to the power of there exists \colon \cat to the power of open brace op close brace tends to open brace bold MSLat close brace 
$ g_u ( \nu ) =a_1 ( T ) \nu+\dots $, g subscript u open parenthesis nu close parenthesis equals a subscript 1 open parenthesis T close parenthesis nu plus \dots 
$ y\in ( \varphi_\alpha ( \cF ) ) _\red $, y in open parenthesis \varphi subscript alpha open parenthesis \cF close parenthesis close parenthesis subscript \red 
$ \mathrm { v } ( 1 ) = \mathrm { viii } + \mathrm { ix } $, \mathrm open brace v close brace open parenthesis 1 close parenthesis equals \mathrm open brace viii close brace plus \mathrm open brace ix close brace 
$ \pdv { } { [ \mathrm { a } _ { \mathrm { j } } ^ { ( i ) } | \sigma ] } $, \pdv open brace close brace open brace open bracket \mathrm open brace a close brace subscript open brace \mathrm open brace j close brace close brace to the power of open brace open parenthesis i close parenthesis close brace vertical bar sigma close bracket close brace 
$ \neighb_i \ldef \neigh_i \cup \ { i\ } $, \neighb subscript i \ldef \neigh subscript i union open brace i close brace 
$ S_ { \lmw } ^ { \ps } $, S subscript open brace \lmw close brace to the power of open brace \ps close brace 
$ \hbar\omega < 0.2 $, \hbar omega less than 0 point 2 
$ m_\ifinal\in \mathbb { N } $, m subscript \ifinal in blackboard bold font open brace N close brace 
"$ [ i_z , j_z ] \cap [ i_ { \ell } , j_ { \ell } ] =\emptyset $", open bracket i subscript z comma j subscript z close bracket intersection open bracket i subscript open brace \ell close brace comma j subscript open brace \ell close brace close bracket equals empty set 
$ \iota : L^2 ( \tilde \Omega_1 ) \to L^2 ( \BR^ { 2d } ) $, iota colon L to the power of 2 open parenthesis \tilde Omega subscript 1 close parenthesis tends to L to the power of 2 open parenthesis \BR to the power of open brace 2d close brace close parenthesis 
$ \eqref { eq : ActionHlor } $, \eqref open brace eq colon ActionHlor close brace 
$ W ( x ) = \sum_ { g \in G } W ( g ) x_g $, W open parenthesis x close parenthesis equals \sum subscript open brace g in G close brace W open parenthesis g close parenthesis x subscript g 
$ \tilde { l_t^0 } $, \tilde open brace l subscript t to the power of 0 close brace 
$ \V { \varepsilon } = \V { \varepsilon } ^\herm $, \V open brace \varepsilon close brace equals \V open brace \varepsilon close brace to the power of \herm 
$ \gamma\gamma\rightarrow HH $, gamma gamma \rightarrow HH 
"$ \Omega_2=\left\ { Z_1 > 0 , Z_2=0\right\ } $", Omega subscript 2 equals \left open brace Z subscript 1 greater than 0 comma Z subscript 2 equals 0 \right close brace 
"$ $ ( -W_1 , \ldots , -W_k ) : V^ { g ( v ) } \to \bC^ { n_- } $ $",  open parenthesis minus W subscript 1 comma \ldots comma minus W subscript k close parenthesis colon V to the power of open brace g open parenthesis v close parenthesis close brace tends to \bC to the power of open brace n subscript minus close brace  
$ \mathbf { U } _p $, \mathbf open brace U close brace subscript p 
"$ \mathbb X^- ( N , \vec v ) \neq\emptyset $", blackboard bold font X to the power of minus open parenthesis N comma \vec v close parenthesis not equal to empty set 
$ \tilde Z K $, \tilde Z K 
$ \supp_3 ( a ) $, \supp subscript 3 open parenthesis a close parenthesis 
$ U_\text { tot } $, U subscript \text open brace tot close brace 
$ \Delta\alpha_4^ { \mathrm { AE\mbox { - } CC3 } } $, Delta alpha subscript 4 to the power of open brace \mathrm open brace AE \mbox open brace minus close brace CC3 close brace close brace 
$ \tilde P=\frac { P ( r ) } { r^\alpha } $, \tilde P equals frac open brace P open parenthesis r close parenthesis close brace open brace r to the power of alpha close brace 
$ \Aut ( P_C ) $, \Aut open parenthesis P subscript C close parenthesis 
$ \Lambda^ { ( \Fc\Pc ) } ( F ) \in\Lc^ { ( \Fc\Pc ) } ( F ) $, Lambda to the power of open brace open parenthesis \Fc \Pc close parenthesis close brace open parenthesis F close parenthesis in \Lc to the power of open brace open parenthesis \Fc \Pc close parenthesis close brace open parenthesis F close parenthesis 
$ N_ { \mathrm { exc } } =1 $, N subscript open brace \mathrm open brace exc close brace close brace equals 1 
"$ x \in [ u , v ] _L \setminus [ u , w ] _L $", x in open bracket u comma v close bracket subscript L \setminus open bracket u comma w close bracket subscript L 
"$ \left [ k_0 , k_1\right ] $", \left open bracket k subscript 0 comma k subscript 1 \right close bracket 
$ P^T\boldsymbol { r } ( t ) $, P to the power of T \boldsymbol open brace r close brace open parenthesis t close parenthesis 
$ l|_ { A } : A\overset { \cong } { \rightarrow } A $, l vertical bar subscript open brace A close brace colon A \overset open brace congruent to close brace open brace \rightarrow close brace A 
"$ B ( x , r ) \cap \cX_Q \subset \tilde { A } _r $", B open parenthesis x comma r close parenthesis intersection \cX subscript Q strict subset of \tilde open brace A close brace subscript r 
$ \boldsymbol { \mu } _ { c } \in\mathbb { R } ^ { D } $, \boldsymbol open brace mu close brace subscript open brace c close brace in blackboard bold font open brace R close brace to the power of open brace D close brace 
$ \hat { H } _ { \text { S-V } ^ { 2 } } $, \hat open brace H close brace subscript open brace \text open brace S minus V close brace to the power of open brace 2 close brace close brace 
$ a_2-a_1-\ell < g_2-g_1 < a_2 - a_1 $, a subscript 2 minus a subscript 1 minus \ell less than g subscript 2 minus g subscript 1 less than a subscript 2 minus a subscript 1 
$ \abs { x ( s ) } _v $, \abs open brace x open parenthesis s close parenthesis close brace subscript v 
$ \varphi_\ell=81^\circ $, \varphi subscript \ell equals 81 to the power of \circ 
$ \Mb_0 $, \Mb subscript 0 
$ \widehat { \rho } ( \gamma ' ) : = \rho ( \beta^ { -1 } \gamma ' ) $, \widehat open brace rho close brace open parenthesis gamma ' close parenthesis colon equals rho open parenthesis beta to the power of open brace minus 1 close brace gamma ' close parenthesis 
$ \vp ( ( g_n-1 ) ( x ) ) \in p^ { m+n } \OO_ { K_\infty } $, \vp open parenthesis open parenthesis g subscript n minus 1 close parenthesis open parenthesis x close parenthesis close parenthesis in p to the power of open brace m plus n close brace \OO subscript open brace K subscript infty close brace 
$ \mathbf { E } \cdot\mathbf { B } =E_0B_0 $, \mathbf open brace E close brace times \mathbf open brace B close brace equals E subscript 0B subscript 0 
"$ \nu_i = n_i/\hat { n } _i \in ( 0,1 ] = $", nu subscript i equals n subscript i divided by \hat open brace n close brace subscript i in open parenthesis 0 comma 1 close bracket equals 
$ w_j^\ell $, w subscript j to the power of \ell 
$ \Delta ( \sF ) A^ { n-2 } =0 $, Delta open parenthesis \sF close parenthesis A to the power of open brace n minus 2 close brace equals 0 
$ E ( K ) \not\subseteq M $, E open parenthesis K close parenthesis \not subset of M 
$ { \z } _ { ( T-2 ) } $, open brace \z close brace subscript open brace open parenthesis T minus 2 close parenthesis close brace 
$ \Exc ( \pi ) \subseteq ( f ' ) ^ { -1 } ( \Exc ( \mu ) ) $, \Exc open parenthesis pi close parenthesis subset of open parenthesis f ' close parenthesis to the power of open brace minus 1 close brace open parenthesis \Exc open parenthesis mu close parenthesis close parenthesis 
$ x_ { \text s } $, x subscript open brace \text s close brace 
"$ \int_X \hat { \psi } \ , \omega^n=0 $", int subscript X \hat open brace psi close brace comma omega to the power of n equals 0 
$ 2\NumPai\Val $, 2 \NumPai \Val 
"$ W_n^l ( x ( z_1 ) , \ldots , x ( z_n ) ) $", W subscript n to the power of l open parenthesis x open parenthesis z subscript 1 close parenthesis comma \ldots comma x open parenthesis z subscript n close parenthesis close parenthesis 
$ \phi_f \in \Sc ( \hat U ) \cong \Sc ( \widehat { U^- } ) $, phi subscript f in \Sc open parenthesis \hat U close parenthesis congruent to \Sc open parenthesis \widehat open brace U to the power of minus close brace close parenthesis 
$ T = \left ( 8\pi M\right ) ^ { -1 } = a\left ( 2\pi\right ) ^ { -1 } $, T equals \left open parenthesis 8 pi M \right close parenthesis to the power of open brace minus 1 close brace equals a \left open parenthesis 2 pi \right close parenthesis to the power of open brace minus 1 close brace 
$ \PP ( \Z ) $, \PP open parenthesis \Z close parenthesis 
$ e^ { x } =\frac { -1\pm\sqrt { 5 } } { 4 } $, e to the power of open brace x close brace equals frac open brace minus 1 plus or minus \sqrt open brace 5 close brace close brace open brace 4 close brace 
$ \sourcelabels $, \sourcelabels 
"$ \w= ( w_1 , ... , w_K ) ^\prime $", \w equals open parenthesis w subscript 1 comma point point point comma w subscript K close parenthesis to the power of \prime 
$ ( \ref { 23 } ) $, open parenthesis \ref open brace 23 close brace close parenthesis 
$ \neg ( x \sqsubset y ) $, \neg open parenthesis x \sqsubset y close parenthesis 
$ \mathcal { H } : = \ell^2 ( { \bf Z } ^2 ; { \bf C } ^4 ) $, calligraphic font open brace H close brace colon equals \ell to the power of 2 open parenthesis open brace bold Z close brace to the power of 2 semicolon open brace bold C close brace to the power of 4 close parenthesis 
"$ N : =\ { 1,2 , \ldots , n\ } $", N colon equals open brace 1 comma 2 comma \ldots comma n close brace 
$ \ell \leq 2k $, \ell less than or equal to 2k 
$ \vec \Phi^ { * } _i \cdot \vec \Phi_j = \delta_ { ij } $, \vec Phi to the power of open brace times close brace subscript i times \vec Phi subscript j equals delta subscript open brace ij close brace 
$ \sigma^ { \prime 2 } ( \x ) $, sigma to the power of open brace \prime 2 close brace open parenthesis \x close parenthesis 
"$ 0\neq t\in ( -\varepsilon , \varepsilon ) $", 0 not equal to t in open parenthesis minus \varepsilon comma \varepsilon close parenthesis 
$ w_v=w_ { c^\prime } =1 $, w subscript v equals w subscript open brace c to the power of \prime close brace equals 1 
"$ j=1,2 , \cdots , M_y ( \pointcloud ) $", j equals 1 comma 2 comma times s comma M subscript y open parenthesis \pointcloud close parenthesis 
"$ \cB ( G , F ) $", \cB open parenthesis G comma F close parenthesis 
"$ \tilde { \eta } =\underset { j } { \min } \ , \eta^j > 0 $", \tilde open brace eta close brace equals \underset open brace j close brace open brace \min close brace comma eta to the power of j greater than 0 
$ \tilde r^ { -2 } $, \tilde r to the power of open brace minus 2 close brace 
$ E_ { \bm k } \equiv \sqrt { \varepsilon_ { \bm k } ^2 + J^2 } $, E subscript open brace bold math k close brace equivalent to \sqrt open brace \varepsilon subscript open brace bold math k close brace to the power of 2 plus J to the power of 2 close brace 
"$ \forall q \in ( \lune_ { uv } \cap V ) , q \notin N ( G , u ) $", for all q in open parenthesis \lune subscript open brace uv close brace intersection V close parenthesis comma q not in N open parenthesis G comma u close parenthesis 
$ A \sqcup \ { 0\ } $, A \sqcup open brace 0 close brace 
$ { \sf Q_y } \in\mathbb { R } ^p $, open brace \sf Q subscript y close brace in blackboard bold font open brace R close brace to the power of p 
$ \partial_\ell\varphi ( x ) $, partial subscript \ell \varphi open parenthesis x close parenthesis 
$ \mathrm { Std } ( \by ) $, \mathrm open brace Std close brace open parenthesis \by close parenthesis 
$ \theta_ { p } = 65^ { \circ } $, theta subscript open brace p close brace equals 65 to the power of open brace \circ close brace 
$ \DR=\sqrt { \smash [ b ] { ( \Deta ) ^2+ ( \Dphi ) ^2 } } > 0.4 $, \DR equals \sqrt open brace \smash open bracket b close bracket open brace open parenthesis \Deta close parenthesis to the power of 2 plus open parenthesis \Dphi close parenthesis to the power of 2 close brace close brace greater than 0 point 4 
$ G_\mathrm { gNB } $, G subscript \mathrm open brace gNB close brace 
$ n\in \mathbb { N } \setminus \ { 0\ } $, n in blackboard bold font open brace N close brace \setminus open brace 0 close brace 
$ \begin { pmatrix } A_1 & 0 & B_1 & 0 \\ 0 & A_2 & 0 & B_2 \end { pmatrix } $, \begin open brace pmatrix close brace A subscript 1 and 0 and B subscript 1 and 0 \ 0 and A subscript 2 and 0 and B subscript 2 \end open brace pmatrix close brace 
$ \mathcal { F } _q = \mathcal { F } _ { \varphi_q } $, calligraphic font open brace F close brace subscript q equals calligraphic font open brace F close brace subscript open brace \varphi subscript q close brace 
$ \hat { t_ { k } } $, \hat open brace t subscript open brace k close brace close brace 
$ R_0/\sqrt { 3 } $, R subscript 0 divided by \sqrt open brace 3 close brace 
$ \mathbf { M } _ { a_t^s } ( t ) * v_ { u_t } = 1 $, \mathbf open brace M close brace subscript open brace a subscript t to the power of s close brace open parenthesis t close parenthesis times v subscript open brace u subscript t close brace equals 1 
"$ $ \u_h^0 ( r ) =-2\para r+g ( r ) , $ $",  \u subscript h to the power of 0 open parenthesis r close parenthesis equals minus 2 \para r plus g open parenthesis r close parenthesis comma  
"$ \ { \tuple { n , m } \in N^2 \colon n \leq m\ } $", open brace \tuple open brace n comma m close brace in N to the power of 2 \colon n less than or equal to m close brace 
$ u + iy \in \SL_2 ( \Z ) \bs \H $, u plus iy in \SL subscript 2 open parenthesis \Z close parenthesis \bs \H 
"$ d_ { \nu , \s } ( \kv ) $", d subscript open brace nu comma \s close brace open parenthesis \kv close parenthesis 
$ \ket { \phi^+ } = \frac { 1 } { \sqrt { 2 } } ( \ket { 00 } + \ket { 11 } ) $, \ket open brace phi to the power of plus close brace equals frac open brace 1 close brace open brace \sqrt open brace 2 close brace close brace open parenthesis \ket open brace 00 close brace plus \ket open brace 11 close brace close parenthesis 
$ \vert \mathcal { V } \vert =8192 $, \vert calligraphic font open brace V close brace \vert equals 8192 
"$ \delta \sim -16\degr\,43'\,21\farcs99 $", delta similar to minus 16 \degr comma 43' comma 21 \farcs 99 
$ \textsc { depth } [ r ] \gets 0 $, \textsc open brace depth close brace open bracket r close bracket greater than or equal to ts 0 
"$ G ( X , Y , Y ' ) = F ( X , Y ) \wedge F ( X , Y ' ) \wedge ( Y \neq Y ' ) $", G open parenthesis X comma Y comma Y ' close parenthesis equals F open parenthesis X comma Y close parenthesis \wedge F open parenthesis X comma Y ' close parenthesis \wedge open parenthesis Y not equal to Y ' close parenthesis 
$ \vec { n } \neq 0 $, \vec open brace n close brace not equal to 0 
$ a_ { \text { BD } } $, a subscript open brace \text open brace BD close brace close brace 
$ \mathcal { R } \subseteq \reals^q $, calligraphic font open brace R close brace subset of \reals to the power of q 
$ \minion F\colon \cat_1 \to \cat_2 $, \minion F \colon \cat subscript 1 tends to \cat subscript 2 
"$ \frac { i } { 16\pi^2 } \frac { 1 } { 80640\ , \text { M } ^ { 4 } } $", frac open brace i close brace open brace 16 pi to the power of 2 close brace frac open brace 1 close brace open brace 80640 comma \text open brace M close brace to the power of open brace 4 close brace close brace 
$ \mathbf { x } \in \prod_ { i \in I } D_i^ { \cM } $, \mathbf open brace x close brace in \prod subscript open brace i in I close brace D subscript i to the power of open brace \cM close brace 
$ \langle C_T\rangle^\perp $, \langle C subscript T \rangle to the power of \perp 
"$ l_ { n , k } \downarrow_ { n ; n\geq k+1 } 0 $", l subscript open brace n comma k close brace \downarrow subscript open brace n semicolon n greater than or equal to k plus 1 close brace 0 
$ 10^7~\mbox { m } ^ { -1 } $, 10 to the power of 7 tilde \mbox open brace m close brace to the power of open brace minus 1 close brace 
$ \phi\in\bar C\setminus\ { 0\ } $, phi in overline C \setminus open brace 0 close brace 
$ \matr { z } _0 $, \matr open brace z close brace subscript 0 
$ f_ { \text { IN } _k^ { \text { FZF } } } \left ( \cdot \right ) $, f subscript open brace \text open brace IN close brace subscript k to the power of open brace \text open brace FZF close brace close brace close brace \left open parenthesis times \right close parenthesis 
$ \psi\colon I\to I $, psi \colon I tends to I 
"$ T ( m ) \in \ST_ { \fx , a_\star } ^ * ( \Wbb ) \subset\bbs_\fx ( \Wbb ) $", T open parenthesis m close parenthesis in \ST subscript open brace \fx comma a subscript \star close brace to the power of times open parenthesis \Wbb close parenthesis strict subset of \bbs subscript \fx open parenthesis \Wbb close parenthesis 
$ n_\t { in } =0 $, n subscript \t open brace in close brace equals 0 
$ [ \vec { u } ] $, open bracket \vec open brace u close brace close bracket 
"$ \cS ( n , r ) $", \cS open parenthesis n comma r close parenthesis 
$ l'^8\in L^\perp $, l' to the power of 8 in L to the power of \perp 
$ \Lambda_i = \Z + \Z\tau_i $, Lambda subscript i equals \Z plus \Z tau subscript i 
"$ K_\mathrm { gmct } ( k , t ) $", K subscript \mathrm open brace gmct close brace open parenthesis k comma t close parenthesis 
$ \frac { \ell_N^ { 3 } V_N^3 } { D_N^2 } =o ( 1 ) $, frac open brace \ell subscript N to the power of open brace 3 close brace V subscript N to the power of 3 close brace open brace D subscript N to the power of 2 close brace equals o open parenthesis 1 close parenthesis 
"$ dist ( \mathbf { a , b } ) \le \epsilon $", dist open parenthesis \mathbf open brace a comma b close brace close parenthesis \le epsilon 
$ R_\red=R/\CN_R $, R subscript \red equals R divided by \CN subscript R 
"$ \ell , \ell ' \in \Nat $", \ell comma \ell ' in \Nat 
$ \com { \cdot } { \cdot } { \cdot } $, \com open brace times close brace open brace times close brace open brace times close brace 
$ ( i - \ii ) $, open parenthesis i minus \ii close parenthesis 
$ r_m = \inf\limits_ { p \in \R } r_0 ( p ) $, r subscript m equals inf \limits subscript open brace p in \R close brace r subscript 0 open parenthesis p close parenthesis 
$ \sigma_\m ( \CY ) $, sigma subscript \m open parenthesis \CY close parenthesis 
$ \bOmega \bW \bOmega^ { \sT } \overset { d } { = } \bW $, \bOmega \bW \bOmega to the power of open brace \sT close brace \overset open brace d close brace open brace equals close brace \bW 
"$ \vec { r } _ { \refpt } = ( 0 , \,0 , \,0 ) $", \vec open brace r close brace subscript open brace \refpt close brace equals open parenthesis 0 comma comma 0 comma comma 0 close parenthesis 
$ \widetilde { \nu } _ { v_j } $, \widetilde open brace nu close brace subscript open brace v subscript j close brace 
$ \varphi^4_4 $, \varphi to the power of 4 subscript 4 
"$ d ( \varphi_ { kT_\star } x , x_\star ) \leq C e^ { -\mu k T_\star } $", d open parenthesis \varphi subscript open brace kT subscript \star close brace x comma x subscript \star close parenthesis less than or equal to C e to the power of open brace minus mu k T subscript \star close brace 
$ \tilde { w } _i^k $, \tilde open brace w close brace subscript i to the power of k 
$ \bx\to R ( t ) \bx $, \bx tends to R open parenthesis t close parenthesis \bx 
$ \underset { ( 0.0782 ) } { 0.4454 } $, \underset open brace open parenthesis 0 point 0782 close parenthesis close brace open brace 0 point 4454 close brace 
$ \textgreater10^ { \circ } $, \textgreater 10 to the power of open brace \circ close brace 
$ \rho ( \supn_ { \D } ( A\cup a ) ) > \rho ( A ) $, rho open parenthesis \supn subscript open brace \D close brace open parenthesis A union a close parenthesis close parenthesis greater than rho open parenthesis A close parenthesis 
$ \F^ { 2 } $, \F to the power of open brace 2 close brace 
"$ ( x ' , y ' ) \in \left [ { x \pm \delta , y \pm \delta } \right ] $", open parenthesis x ' comma y ' close parenthesis in \left open bracket open brace x plus or minus delta comma y plus or minus delta close brace \right close bracket 
"$ \lVert G ( \boldsymbol\ { \theta , \tau ) \rVert > 0 $", \lVert G open parenthesis \boldsymbol open brace theta comma tau close parenthesis \rVert greater than 0 
"$ \left ( R^H H_m , R^H K_m\right ) $", \left open parenthesis R to the power of H H subscript m comma R to the power of H K subscript m \right close parenthesis 
$ \mathrm { Ord } _G ( \sigma ) =k $, \mathrm open brace Ord close brace subscript G open parenthesis sigma close parenthesis equals k 
$ ( \top\und\phi_1 ) $, open parenthesis tends top \und phi subscript 1 close parenthesis 
$ \semset { A } { Q ' } $, \semset open brace A close brace open brace Q ' close brace 
$ { \cal S } _ { K } = { \cal S } _ { 2 } + { \cal S } _ { 4 } $, open brace \cal S close brace subscript open brace K close brace equals open brace \cal S close brace subscript open brace 2 close brace plus open brace \cal S close brace subscript open brace 4 close brace 
"$ ( X_ { k+1 } , \ldots , X_\ell ) $", open parenthesis X subscript open brace k plus 1 close brace comma \ldots comma X subscript \ell close parenthesis 
$ p^ { r+s-1 } \le n^ { \frac 14 } $, p to the power of open brace r plus s minus 1 close brace \le n to the power of open brace frac 14 close brace 
$ \Omega \setminus Z $, Omega \setminus Z 
$ \gl_N \wedge \gl_N $, \gl subscript N \wedge \gl subscript N 
$ |1\rangle_a $, vertical bar 1 \rangle subscript a 
"$ \varphi_ { r , s } ^ { A } $", \varphi subscript open brace r comma s close brace to the power of open brace A close brace 
$ n_W \sim n ( 1+c \sqrt { W-2 } /\Delta ) $, n subscript W similar to n open parenthesis 1 plus c \sqrt open brace W minus 2 close brace divided by Delta close parenthesis 
"$ \h\rho ( x , \theta ) $", \h rho open parenthesis x comma theta close parenthesis 
$ { \mathbb { X } } = \widehat { { \mathbb { X } } } $, open brace blackboard bold font open brace X close brace close brace equals \widehat open brace open brace blackboard bold font open brace X close brace close brace close brace 
"$ \ { \Omega_ { \vm } \ } _ { \vm\in\ { 1,2\ } ^d } $", open brace Omega subscript open brace \vm close brace close brace subscript open brace \vm in open brace 1 comma 2 close brace to the power of d close brace 
$ S_1 \subset H_ { 12 } ^-\Leftrightarrow \partial S_1 \subset H_ { 12 } ^- $, S subscript 1 strict subset of H subscript open brace 12 close brace to the power of minus \Leftrightarrow partial S subscript 1 strict subset of H subscript open brace 12 close brace to the power of minus 
$ \Phi ( t ) - C'\sqrt { \epsilon } $, Phi open parenthesis t close parenthesis minus C' \sqrt open brace epsilon close brace 
$ g : T \to \tilde T $, g colon T tends to \tilde T 
$ \Aff_\C^ { 14 } $, \Aff subscript \C to the power of open brace 14 close brace 
"$ \mbf v \in \mbf L^ { \m } _ { e , [ a , b ] } $", \mbf v in \mbf L to the power of open brace \m close brace subscript open brace e comma open bracket a comma b close bracket close brace 
$ p\in \PHNC $, p in \PHNC 
$ \boldsymbol { K } _ { \xi } $, \boldsymbol open brace K close brace subscript open brace xi close brace 
$ \optpol - \pol ' $, \optpol minus \pol ' 
$ \underline { \mathcal { G } } $, \underline open brace calligraphic font open brace G close brace close brace 
$ \prod_ { i \in I } T^ { ( \lambda_i ) } $, \prod subscript open brace i in I close brace T to the power of open brace open parenthesis lambda subscript i close parenthesis close brace 
$ \tau \circ ( \phi|_x ) \circ \pi_x $, tau \circ open parenthesis phi vertical bar subscript x close parenthesis \circ pi subscript x 
$ \ensuremath\ { \ { \bm\ y $, \ensuremath open brace open brace bold math y 
$ \left [ \alpha_1 +s_\beta ( 4\alpha_2 c_\beta +\alpha_3 s_\beta ) \right ] v $, \left open bracket alpha subscript 1 plus s subscript beta open parenthesis 4 alpha subscript 2 c subscript beta plus alpha subscript 3 s subscript beta close parenthesis \right close bracket v 
"$ \ensuremath\ { \mathcal\ { K^ { [ a , b ] } ( \proj \Lambda ) $", \ensuremath open brace calligraphic font open brace K to the power of open brace open bracket a comma b close bracket close brace open parenthesis \proj Lambda close parenthesis 
"$ [ x_i , p_j ] =i\hbar \delta_ { ij } $", open bracket x subscript i comma p subscript j close bracket equals i \hbar delta subscript open brace ij close brace 
"$ G_1 , ... , G_r , D : U'\rightarrow\mathbb { K } $", G subscript 1 comma point point point comma G subscript r comma D colon U' \rightarrow blackboard bold font open brace K close brace 
$ \bB \subset \tT $, \bB strict subset of \tT 
$ _ { \textcolor { red } { +11.4 } } $, subscript open brace \textcolor open brace red close brace open brace plus 11 point 4 close brace close brace 
$ \P [ S > T ] > 0 $, \P open bracket S greater than T close bracket greater than 0 
$ \mu_ { j \leftarrow i } $, mu subscript open brace j \leftarrow i close brace 
$ 1^\bullet_ { \pi_1 } $, 1 to the power of \bullet subscript open brace pi subscript 1 close brace 
$ \mC \subseteq \Zp^ { n } $, \mC subset of \Zp to the power of open brace n close brace 
$ \mathscr { E } xt $, \mathscr open brace E close brace xt 
$ U \defeq \mathcal B u $, U \defeq calligraphic font B u 
$ \bm { x } \in\textrm { Supp } \psi \subset \mathcal { K } $, bold math open brace x close brace in \textrm open brace Supp close brace psi strict subset of calligraphic font open brace K close brace 
$ \frs_ { \ps } ( \xs ) $, \frs subscript open brace \ps close brace open parenthesis \xs close parenthesis 
"$ \gamma\in ( 0,2 ) \setminus\ { \sqrt { 2 } \ } $", gamma in open parenthesis 0 comma 2 close parenthesis \setminus open brace \sqrt open brace 2 close brace close brace 
$ z_s\in\widehat { v } _s $, z subscript s in \widehat open brace v close brace subscript s 
$ i\le d_v/2 $, i \le d subscript v divided by 2 
$ \tilde { \sigma } ^2 : = \sigma^2 - \|\corrcoef\|_ { \Sigma_u^+ } ^2 > 0 $, \tilde open brace sigma close brace to the power of 2 colon equals sigma to the power of 2 minus vertical bar \corrcoef vertical bar subscript open brace Sigma subscript u to the power of plus close brace to the power of 2 greater than 0 
$ \mathsf { S } \mathbb { P } \setminus Z $, sans serif font open brace S close brace blackboard bold font open brace P close brace \setminus Z 
$ x = V_ { \bullet k } $, x equals V subscript open brace \bullet k close brace 
"$ \XX_p = \ { x_1 , \ldots , x_p\ } $", \XX subscript p equals open brace x subscript 1 comma \ldots comma x subscript p close brace 
"$ \langle I_ { ei } , T_ { ei } \rangle $", \langle I subscript open brace ei close brace comma T subscript open brace ei close brace \rangle 
$ } \State // Compute maximum weight matching with $, close brace \State divided by divided by Compute maximum weight matching with 
$ R : \R^ { n } \to\R^n $, R colon \R to the power of open brace n close brace tends to \R to the power of n 
$ f \gtrsim w $, f \gtrsim w 
$ \substack { +0.41 \\ -0.37 } $, \substack open brace plus 0 point 41 \ minus 0 point 37 close brace 
$ \text { Max } _f ( \alpha ) $, \text open brace Max close brace subscript f open parenthesis alpha close parenthesis 
"$ \left|a_ { n } \right| ( n \in\ { 4,5,6 , \ldots\ } ) $", \left vertical bar a subscript open brace n close brace \right vertical bar open parenthesis n in open brace 4 comma 5 comma 6 comma \ldots close brace close parenthesis 
$ V_\eps $, V subscript \eps 
$ \Re ( \beta_ { 1 } ( t ) ) $, \Re open parenthesis beta subscript open brace 1 close brace open parenthesis t close parenthesis close parenthesis 
$ p\mid M ; $, p \mid M semicolon 
$ \mathbf { 1.003\pm0.016 } $, \mathbf open brace 1 point 003 plus or minus 0 point 016 close brace 
$ \OM ( x^ { \sss { \mathrm { plus } } } ) \ge a $, \OM open parenthesis x to the power of open brace \sss open brace \mathrm open brace plus close brace close brace close brace close parenthesis greater than or equal to a 
"$ z_t^\ell , h_t^\ell , \vartheta^\ell $", z subscript t to the power of \ell comma h subscript t to the power of \ell comma \vartheta to the power of \ell 
$ { \rm I\kern-0.15em P } ( B ) = k_B/B $, open brace roman I \kern minus 0 point 15em P close brace open parenthesis B close parenthesis equals k subscript B divided by B 
$ \ { \mathrm\ { SO ( n+1 ) $, open brace \mathrm open brace SO open parenthesis n plus 1 close parenthesis 
$ \ell^D_C $, \ell to the power of D subscript C 
$ \VV ( I ) $, \VV open parenthesis I close parenthesis 
"$ \tilde \Sigma^i_ { \delta , j_0 } $", \tilde Sigma to the power of i subscript open brace delta comma j subscript 0 close brace 
"$ \vec { \beta } = ( \beta_1 , \ldots , \beta_n ) $", \vec open brace beta close brace equals open parenthesis beta subscript 1 comma \ldots comma beta subscript n close parenthesis 
"$ \max\ { a^2 , b^2 \ } = b^2 $", \max open brace a to the power of 2 comma b to the power of 2 close brace equals b to the power of 2 
"$ m ' = \calM_A ( \calH ; \eps , \delta , \gamma ) $", m ' equals \calM subscript A open parenthesis \calH semicolon \eps comma delta comma gamma close parenthesis 
$ \bd^E_i M $, \bd to the power of E subscript i M 
$ \mathbf { 89.00 } $, \mathbf open brace 89 point 00 close brace 
"$ \sqrt { s } = 13.6 \ , \text { TeV } $", \sqrt open brace s close brace equals 13 point 6 comma \text open brace TeV close brace 
$ 1 \le i \le w $, 1 \le i \le w 
$ ( n-1 ) \wmin + 1 $, open parenthesis n minus 1 close parenthesis \wmin plus 1 
"$ \vmin ( Q ) \ge c \cdot \min\ { n , k ( Q ) np\ } $", \vmin open parenthesis Q close parenthesis greater than or equal to c times \min open brace n comma k open parenthesis Q close parenthesis np close brace 
$ \triangle_ { \pi/2 } \leq 0 $, \triangle subscript open brace pi divided by 2 close brace less than or equal to 0 
$ \epsi > 0 $, \epsi greater than 0 
$ \hat\ { Z $, \hat open brace Z 
$ \mathbf H^ { ( p ) } $, \mathbf H to the power of open brace open parenthesis p close parenthesis close brace 
"$ ( \cos ( \hat \theta^ * _i ) , \sin ( \hat \theta^ * _i ) ) $", open parenthesis cosine of open parenthesis \hat theta to the power of times subscript i close parenthesis comma sine of open parenthesis \hat theta to the power of times subscript i close parenthesis close parenthesis 
$ 7\lceil\log_2 N ' \rceil+4 $, 7 \lceil logarithm of subscript 2 N ' \rceil plus 4 
$ \tilde q_n \tilde p_ { n-1 } - \tilde p_n \tilde q_ { n-1 } = ( -1 ) ^n $, \tilde q subscript n \tilde p subscript open brace n minus 1 close brace minus \tilde p subscript n \tilde q subscript open brace n minus 1 close brace equals open parenthesis minus 1 close parenthesis to the power of n 
$ \mathcal G_N^ { \vec { t } _N } ( r ) . $, calligraphic font G subscript N to the power of open brace \vec open brace t close brace subscript N close brace open parenthesis r close parenthesis point 
$ \cB : X\to X $, \cB colon X tends to X 
"$ \lim_ { \tau\to \pm 1 } M ( w , \Phi , \tau ) =\pm\exp ( i\Phi ) $", \lim subscript open brace tau tends to plus or minus 1 close brace M open parenthesis w comma Phi comma tau close parenthesis equals plus or minus \exp open parenthesis i Phi close parenthesis 
"$ i=0 , \ldots , \tau_2-1 $", i equals 0 comma \ldots comma tau subscript 2 minus 1 
"$ \alpha : ( X , v ) \to ( A , \hat v ) $", alpha colon open parenthesis X comma v close parenthesis tends to open parenthesis A comma \hat v close parenthesis 
$ \mathbf { C } _ { i } ^ { ( n ) } $, \mathbf open brace C close brace subscript open brace i close brace to the power of open brace open parenthesis n close parenthesis close brace 
$ \ { f \mid f ( \seq { \ell } ) \to r \in \RR \ } $, open brace f \mid f open parenthesis \seq open brace \ell close brace close parenthesis tends to r in \RR close brace 
$ \mathbf { E_ { CCT } } $, \mathbf open brace E subscript open brace CCT close brace close brace 
$ $ x =2+\sqrt { 7 } \text { or } \quad x=2-\sqrt { 7 } $ $,  x equals 2 plus \sqrt open brace 7 close brace \text open brace or close brace \quad x equals 2 minus \sqrt open brace 7 close brace  
$ U ' \subset \tilde { M } $, U ' strict subset of \tilde open brace M close brace 
$ \heart $, \heart 
$ D^ * ( \al ) /D^ * ( 1 ) $, D to the power of times open parenthesis \al close parenthesis divided by D to the power of times open parenthesis 1 close parenthesis 
$ \mathbf { u } =\mathbf { x } -\mathbf { X } $, \mathbf open brace u close brace equals \mathbf open brace x close brace minus \mathbf open brace X close brace 
$ \hat { \nabla } ^2 f ( x ) $, \hat open brace nabla close brace to the power of 2 f open parenthesis x close parenthesis 
$ e^ { i ( \mathbf { q } \cdot \mathbf { r } - \omega t ) } $, e to the power of open brace i open parenthesis \mathbf open brace q close brace times \mathbf open brace r close brace minus omega t close parenthesis close brace 
"$ X_\bullet , Y_\bullet $", X subscript \bullet comma Y subscript \bullet 
$ Q_ { b^ { \prime } } ^ { i } $, Q subscript open brace b to the power of open brace \prime close brace close brace to the power of open brace i close brace 
$ |z_i-u| < \sqrt { |\delta| } ^ { -1 } $, vertical bar z subscript i minus u vertical bar less than \sqrt open brace vertical bar delta vertical bar close brace to the power of open brace minus 1 close brace 
$ \eta\left ( z_ { \mathcal { S } } ( \cdot ) \right ) $, eta \left open parenthesis z subscript open brace calligraphic font open brace S close brace close brace open parenthesis times close parenthesis \right close parenthesis 
$ \bra \TT ( 0 ) \TT ( r ) \ket_n^\alpha $, \bra \TT open parenthesis 0 close parenthesis \TT open parenthesis r close parenthesis \ket subscript n to the power of alpha 
$ x \rest a = x \rest \update a b $, x \rest a equals x \rest \update a b 
$ ( 1-p ) \mu_ { 1 } \models F_ { 1 } \wedge \neg b $, open parenthesis 1 minus p close parenthesis mu subscript open brace 1 close brace \models F subscript open brace 1 close brace \wedge \neg b 
$ E \subseteq \N $, E subset of \N 
$ \inf_ { Q\in \mathcal { C } } D ( P\|Q\rightsquigarrow \mathcal { C } ) $, inf subscript open brace Q in calligraphic font open brace C close brace close brace D open parenthesis P vertical bar Q \rightsquigarrow calligraphic font open brace C close brace close parenthesis 
$ p=\frac { 2 } { \sum_ { l=0 } ^j\eta_l\alpha_l } $, p equals frac open brace 2 close brace open brace \sum subscript open brace l equals 0 close brace to the power of j eta subscript l alpha subscript l close brace 
$ \widetilde { \rho } _1 ( C_1 ) +A_1 = A_1^\perp $, \widetilde open brace rho close brace subscript 1 open parenthesis C subscript 1 close parenthesis plus A subscript 1 equals A subscript 1 to the power of \perp 
$ \rho ( \br ) = \rho^ { \up } ( \br ) - \rho^ { \dn } ( \br ) $, rho open parenthesis \br close parenthesis equals rho to the power of open brace \up close brace open parenthesis \br close parenthesis minus rho to the power of open brace \dn close brace open parenthesis \br close parenthesis 
$ { \cal S } ^ { d-1 } : = \ { x \in \RR^d : \|x\|=1\ } $, open brace \cal S close brace to the power of open brace d minus 1 close brace colon equals open brace x in \RR to the power of d colon vertical bar x vertical bar equals 1 close brace 
$ { \text e } ^ { -i\Delta H_ { \text D } \tau/\hbar } $, open brace \text e close brace to the power of open brace minus i Delta H subscript open brace \text D close brace tau divided by \hbar close brace 
$ d_n=\exp ( o ( n ) ) $, d subscript n equals \exp open parenthesis o open parenthesis n close parenthesis close parenthesis 
$ \chi ( \hat { P } ) $, chi open parenthesis \hat open brace P close brace close parenthesis 
$ f : \nabla^K \to \IR $, f colon nabla to the power of K tends to \IR 
$ \nabla \phi : \Omega \to \reals^d $, nabla phi colon Omega tends to \reals to the power of d 
$ \defset ( \conf ) \supseteq \defset ( \conf '' ) $, \defset open parenthesis \conf close parenthesis superset of \defset open parenthesis \conf '' close parenthesis 
$ \breve { \mathbf { D } } _ { \Omega } $, \breve open brace \mathbf open brace D close brace close brace subscript open brace Omega close brace 
$ T_ { \rm F } =\ef $, T subscript open brace roman F close brace equals \ef 
$ \ES ' _ { j^ * } $, \ES ' subscript open brace j to the power of times close brace 
$ l \in D ( x_ { \ell_u } ) $, l in D open parenthesis x subscript open brace \ell subscript u close brace close parenthesis 
$ \mathbf { ESC } $, \mathbf open brace ESC close brace 
$ \mathsf { T } : X\rightarrow X $, sans serif font open brace T close brace colon X \rightarrow X 
$ B_ { r } ( \xvar ) $, B subscript open brace r close brace open parenthesis \xvar close parenthesis 
$ 0.01165243 +0.03330491 \imath $, 0 point 01165243 plus 0 point 03330491 \imath 
$ \text { var } ( f ( X ) ) \approx ( f ' ( E [ X ] ) ) ^2 \text { var } ( X ) $, \text open brace var close brace open parenthesis f open parenthesis X close parenthesis close parenthesis approximately equal to open parenthesis f ' open parenthesis E open bracket X close bracket close parenthesis close parenthesis to the power of 2 \text open brace var close brace open parenthesis X close parenthesis 
"$ x_1 , \hdots , x_ { |\sigma| } $", x subscript 1 comma \hdots comma x subscript open brace vertical bar sigma vertical bar close brace 
$ \depth ( v_k ) \leq \dots \leq \depth ( v_1 ) $, \depth open parenthesis v subscript k close parenthesis less than or equal to \dots less than or equal to \depth open parenthesis v subscript 1 close parenthesis 
"$ \ { \mathbf { x } _k , \rho_k\ } $", open brace \mathbf open brace x close brace subscript k comma rho subscript k close brace 
$ \hat { H } _j $, \hat open brace H close brace subscript j 
$ \xi \in \mathring { S } $, xi in \mathring open brace S close brace 
$ z \in \C/\Lambda $, z in \C divided by Lambda 
$ \mcp_ { G } ^ { ( \ell ) } $, \mcp subscript open brace G close brace to the power of open brace open parenthesis \ell close parenthesis close brace 
"$ \Delta_1 , \ldots , \Delta_\delta $", Delta subscript 1 comma \ldots comma Delta subscript delta 
$ \quant [ \mu_\Start ] $, \quant open bracket mu subscript \Start close bracket 
$ K_N^ { ++ } =\widetilde { K } _N^+ $, K subscript N to the power of open brace plus plus close brace equals \widetilde open brace K close brace subscript N to the power of plus 
$ \overline { u_i } \in M $, \overline open brace u subscript i close brace in M 
$ v\in\mathbb { R } ^n\setminus { 0 } $, v in blackboard bold font open brace R close brace to the power of n \setminus open brace 0 close brace 
$ \mathbf { s } ^ { W ( 0 ) } =\mathbf { s } ^W $, \mathbf open brace s close brace to the power of open brace W open parenthesis 0 close parenthesis close brace equals \mathbf open brace s close brace to the power of W 
$ C_ { \alpha } = ( x_i^r \vee x_j^s ) $, C subscript open brace alpha close brace equals open parenthesis x subscript i to the power of r \vee x subscript j to the power of s close parenthesis 
$ n_i\leq \la \cL_i\ra $, n subscript i less than or equal to \la \cL subscript i \ra 
$ x_F\in F^\I $, x subscript F in F to the power of \I 
$ \overline { u^ { \prime } w^ { \prime } } /u_ { * } ^2 $, \overline open brace u to the power of open brace \prime close brace w to the power of open brace \prime close brace close brace divided by u subscript open brace times close brace to the power of 2 
$ \phi_i : \mb { R } ^ { d-i+1 } \to \mb { R } $, phi subscript i colon \mb open brace R close brace to the power of open brace d minus i plus 1 close brace tends to \mb open brace R close brace 
$ \overline { f } \colon X\to\mathbb { C } $, \overline open brace f close brace \colon X tends to blackboard bold font open brace C close brace 
"$ \min_i |x_i - x_ { i-1 } | \geq C_ { \delta , \tau } \epsilon $", \min subscript i vertical bar x subscript i minus x subscript open brace i minus 1 close brace vertical bar greater than or equal to C subscript open brace delta comma tau close brace epsilon 
"$ \Pcal_e : =\Pcal_e^ { X , Y } $", \Pcal subscript e colon equals \Pcal subscript e to the power of open brace X comma Y close brace 
$ \B^\top\B $, \B to the power of tends top \B 
$ \bP^ { ( x ) } ( W =\ell ) $, \bP to the power of open brace open parenthesis x close parenthesis close brace open parenthesis W equals \ell close parenthesis 
"$ \deg \psi_j^ { i , \lambda } $", \deg psi subscript j to the power of open brace i comma lambda close brace 
$ x^ { ( i-1 ) } \prec x^ { ( i ) } $, x to the power of open brace open parenthesis i minus 1 close parenthesis close brace \prec x to the power of open brace open parenthesis i close parenthesis close brace 
"$ t ( n , k ) = [ z^n ] [ u^k ] \mathit { Total } ( z , u ) $", t open parenthesis n comma k close parenthesis equals open bracket z to the power of n close bracket open bracket u to the power of k close bracket \mathit open brace Total close brace open parenthesis z comma u close parenthesis 
"$ \overline { C } _ { 60,15 } ( 4n+2 ) $", \overline open brace C close brace subscript open brace 60 comma 15 close brace open parenthesis 4n plus 2 close parenthesis 
$ x^ { \uparrow } $, x to the power of open brace \uparrow close brace 
"$ \M^+ ( \tau , \mu , \delta_0 ) $", \M to the power of plus open parenthesis tau comma mu comma delta subscript 0 close parenthesis 
$ \bd \tilde K_0 \cap \PP_ { crit } ( \rp ) $, \bd \tilde K subscript 0 intersection \PP subscript open brace crit close brace open parenthesis \rp close parenthesis 
$ \hat { D } _e $, \hat open brace D close brace subscript e 
$ p_1 = \widetilde { \gamma_1 } ( a ) $, p subscript 1 equals \widetilde open brace gamma subscript 1 close brace open parenthesis a close parenthesis 
"$ ( g , A ) \mapsto ( g^T ) ^ { -1 } Ag^ { -1 } $", open parenthesis g comma A close parenthesis \mapsto open parenthesis g to the power of T close parenthesis to the power of open brace minus 1 close brace Ag to the power of open brace minus 1 close brace 
$ d\circ\sigma+\varrho^ * \circ d=0 $, d \circ sigma plus \varrho to the power of times \circ d equals 0 
"$ B \sim \Bin ( n , p ) $", B similar to \Bin open parenthesis n comma p close parenthesis 
$ 1-2\exp ( -cp_ { max } \delta^2n\varepsilon_ { k } ( x ) ^ { m } ) $, 1 minus 2 \exp open parenthesis minus cp subscript open brace max close brace delta to the power of 2n \varepsilon subscript open brace k close brace open parenthesis x close parenthesis to the power of open brace m close brace close parenthesis 
$ 0\leq\nu\leq \frac { \ln 2 } { 2\tilde { \beta } } $, 0 less than or equal to nu less than or equal to frac open brace natural logarithm of 2 close brace open brace 2 \tilde open brace beta close brace close brace 
$ C_0^ { \textsc { TF } } $, C subscript 0 to the power of open brace \textsc open brace TF close brace close brace 
$ h_\patch=H $, h subscript \patch equals H 
"$ \sigma ( O , \lam ) $", sigma open parenthesis O comma \lam close parenthesis 
$ G=\fA_7 $, G equals \fA subscript 7 
$ W^ { \mathrm { T } } $, W to the power of open brace \mathrm open brace T close brace close brace 
$ B_ { R+\ell^ { \alpha } } $, B subscript open brace R plus \ell to the power of open brace alpha close brace close brace 
$ \wp ( g ; t ) = \bra { g } \rho ( t ) \ket { g } $, \wp open parenthesis g semicolon t close parenthesis equals \bra open brace g close brace rho open parenthesis t close parenthesis \ket open brace g close brace 
$ \left\langle { \bf { o } } _ { \bf { s } } ^ { \bf { t } } \right\rangle $, \left \langle open brace bold open brace o close brace close brace subscript open brace bold open brace s close brace close brace to the power of open brace bold open brace t close brace close brace \right \rangle 
$ B\rightarrow \psi ( 2S ) V $, B \rightarrow psi open parenthesis 2S close parenthesis V 
$ \bCom $, \bCom 
$ F \approx ( 8 \pi Y_\text { eff } /9 R^2 ) \delta^3 $, F approximately equal to open parenthesis 8 pi Y subscript \text open brace eff close brace divided by 9 R to the power of 2 close parenthesis delta to the power of 3 
$ \bigcup_ { i\in I } B_i $, \bigcup subscript open brace i in I close brace B subscript i 
$ \lVert Z W^n \rVert_ { \square } \rightarrow 0 $, \lVert Z W to the power of n \rVert subscript open brace \square close brace \rightarrow 0 
$ \tilde { \Theta } ( k\sqrt { n } ) $, \tilde open brace Theta close brace open parenthesis k \sqrt open brace n close brace close parenthesis 
"$ \hH_ { L , 1 } $", \hH subscript open brace L comma 1 close brace 
$ \tilde { \Delta } ( t ) $, \tilde open brace Delta close brace open parenthesis t close parenthesis 
$ \widehat\P_ { \alpha } $, \widehat \P subscript open brace alpha close brace 
$ \hat { \Vec { z } } _0 $, \hat open brace \Vec open brace z close brace close brace subscript 0 
$ \m\Lambda $, \m Lambda 
"$ \bigsqcup_ { ( n , m ) \in I } R ( n , m ) $", \bigsqcup subscript open brace open parenthesis n comma m close parenthesis in I close brace R open parenthesis n comma m close parenthesis 
"$ \bm { P } ( m , t ) = ( P_1 ( m , t ) , \dots , P_S ( m , t ) ) $", bold math open brace P close brace open parenthesis m comma t close parenthesis equals open parenthesis P subscript 1 open parenthesis m comma t close parenthesis comma \dots comma P subscript S open parenthesis m comma t close parenthesis close parenthesis 
"$ \Pi_1 , \Pi_2 \preceq \mathbb { I } _ { \cH } $", Pi subscript 1 comma Pi subscript 2 \preceq blackboard bold font open brace I close brace subscript open brace \cH close brace 
$ 2U\oplus mA_1 $, 2U \oplus mA subscript 1 
"$ in Fig.~\ref { Ruppe1bis } ) , $", in Fig point tilde \ref open brace Ruppe1bis close brace close parenthesis comma 
"$ \bm A_ { j } = ( \bm A_ { j1 } , \ldots , \bm A_ { j , j-1 } ) $", bold math A subscript open brace j close brace equals open parenthesis bold math A subscript open brace j1 close brace comma \ldots comma bold math A subscript open brace j comma j minus 1 close brace close parenthesis 
"$ a=2.150 ( q=R_\Moon+200 , e=0.1 ) $", a equals 2 point 150 open parenthesis q equals R subscript \Moon plus 200 comma e equals 0 point 1 close parenthesis 
$ \sum_a f_ { \mathcal { A } } ( a ) = 0 $, \sum subscript a f subscript open brace calligraphic font open brace A close brace close brace open parenthesis a close parenthesis equals 0 
$ \sigma^ * ( f_n ) \rightarrow -\infty $, sigma to the power of times open parenthesis f subscript n close parenthesis \rightarrow minus infty 
$ v_i\in \zeta_x^ { \Omega ( x ) } =\ { v_0 < v_1 < \ldots < v_n\ } $, v subscript i in zeta subscript x to the power of open brace Omega open parenthesis x close parenthesis close brace equals open brace v subscript 0 less than v subscript 1 less than \ldots less than v subscript n close brace 
$ \Omega=\BB { R } $, Omega equals \BB open brace R close brace 
"$ g'= ( v_0 ' , e_n ' , \ldots , e_ { 2 } ' , d_1 ' , w_0 ' ) $", g' equals open parenthesis v subscript 0 ' comma e subscript n ' comma \ldots comma e subscript open brace 2 close brace ' comma d subscript 1 ' comma w subscript 0 ' close parenthesis 
"$ w t\left ( \tilde { c } _ { 0,0 } \right ) =0 $", w t \left open parenthesis \tilde open brace c close brace subscript open brace 0 comma 0 close brace \right close parenthesis equals 0 
$ z^ { \uparrow } $, z to the power of open brace \uparrow close brace 
$ \ker \of { \varphi } $, \ker \of open brace \varphi close brace 
$ D_ { KL } \left ( P^t\lVert P^e\right ) $, D subscript open brace KL close brace \left open parenthesis P to the power of t \lVert P to the power of e \right close parenthesis 
"$ C_ { d , \cX } \coloneqq 2^\frac { 1 } { d+1 } 16 C^\prime_ { d , \cX } $", C subscript open brace d comma \cX close brace \coloneqq 2 to the power of frac open brace 1 close brace open brace d plus 1 close brace 16 C to the power of \prime subscript open brace d comma \cX close brace 
$ \boldsymbol { M } ( \boldsymbol { \lambda } _k ) = \boldsymbol { \rho } _k $, \boldsymbol open brace M close brace open parenthesis \boldsymbol open brace lambda close brace subscript k close parenthesis equals \boldsymbol open brace rho close brace subscript k 
"$ \mathcal { B } _ { m } = \ { X_ { m } , \ldots , X_ { m+B-1 } \ } $", calligraphic font open brace B close brace subscript open brace m close brace equals open brace X subscript open brace m close brace comma \ldots comma X subscript open brace m plus B minus 1 close brace close brace 
"$ ( { \cal X } , { \cal \widehat { X } } ) $", open parenthesis open brace \cal X close brace comma open brace \cal \widehat open brace X close brace close brace close parenthesis 
"$ \zeta_ { M^ { -1 } } ( \Lambda , ( \vec { z } ) _ { M^ { -1 } } ) $", zeta subscript open brace M to the power of open brace minus 1 close brace close brace open parenthesis Lambda comma open parenthesis \vec open brace z close brace close parenthesis subscript open brace M to the power of open brace minus 1 close brace close brace close parenthesis 
$ p \nmid a_0a_3 $, p \nmid a subscript 0a subscript 3 
$ \bi { p } _ { \rm mut } = \bi { a } + F ( \bi { b } - \bi { c } ) $, \bi open brace p close brace subscript open brace roman mut close brace equals \bi open brace a close brace plus F open parenthesis \bi open brace b close brace minus \bi open brace c close brace close parenthesis 
$ t\leq T^\ast $, t less than or equal to T to the power of \ast 
$ c_2\not\in xy $, c subscript 2 \not in xy 
"$ b ' _ { \ell , k + 1 } < \frac { 1 } { 2 } + \frac { 2\gamma } { 32 } $", b ' subscript open brace \ell comma k plus 1 close brace less than frac open brace 1 close brace open brace 2 close brace plus frac open brace 2 gamma close brace open brace 32 close brace 
"$ & 100~MHz \\ BER requirements , $", and 100 tilde MHz \ BER requirements comma 
$ \prob { |\corr { S } |=d } =1 $, \prob open brace vertical bar \corr open brace S close brace vertical bar equals d close brace equals 1 
$ -6.8^\circ $, minus 6 point 8 to the power of \circ 
"$ \uk \in \cL ( d , n-d ) $", \uk in \cL open parenthesis d comma n minus d close parenthesis 
$ \eta_\omega = \lim Z_n ( \omega ) _\ast \eta $, eta subscript omega equals \lim Z subscript n open parenthesis omega close parenthesis subscript \ast eta 
$ U ( z ) =\pm\ii $, U open parenthesis z close parenthesis equals plus or minus \ii 
$ \ { X_s\ } _ { s\in\Se } $, open brace X subscript s close brace subscript open brace s in \Se close brace 
$ { \mathbb L } ^ { \mbox { \tiny dTac } } _i $, open brace blackboard bold font L close brace to the power of open brace \mbox open brace \tiny dTac close brace close brace subscript i 
$ \text { supp } ( \L ) $, \text open brace supp close brace open parenthesis \L close parenthesis 
$ \mathrm { range } ( \mathbf { M } ) ^\perp $, \mathrm open brace range close brace open parenthesis \mathbf open brace M close brace close parenthesis to the power of \perp 
$ \psi_i ( \vec { x } ) = \sqrt { \gamma_i } \phi_i ( \vec { x } ) $, psi subscript i open parenthesis \vec open brace x close brace close parenthesis equals \sqrt open brace gamma subscript i close brace phi subscript i open parenthesis \vec open brace x close brace close parenthesis 
$ x ' \in \mathbf { R } ^ { n-1 } $, x ' in \mathbf open brace R close brace to the power of open brace n minus 1 close brace 
$ \Xi _ { b } ^ { - } \rightarrow \Xi ^ { - } \gamma $, Xi subscript open brace b close brace to the power of open brace minus close brace \rightarrow Xi to the power of open brace minus close brace gamma 
$ w\in V_T\setminus S $, w in V subscript T \setminus S 
$ is \emph { consistent } if for every $, is \emph open brace consistent close brace if for every 
"$ \Ob ( \max ( N^3 , M^3 ) ) $", \Ob open parenthesis \max open parenthesis N to the power of 3 comma M to the power of 3 close parenthesis close parenthesis 
$ \overset { i } { \beta } _+ $, \overset open brace i close brace open brace beta close brace subscript plus 
$ \hat A_j = A_j\cup\ { \hat a_j\ } $, \hat A subscript j equals A subscript j union open brace \hat a subscript j close brace 
$ x \in \calo_c $, x in \calo subscript c 
$ \sgn ( x_ { 1 } ) \|x\| $, \sgn open parenthesis x subscript open brace 1 close brace close parenthesis vertical bar x vertical bar 
"$ \bm { \mu } _ { jk , U } ( w ) \overline { \bm { \mu } _ { lm , U } ( w ) } $", bold math open brace mu close brace subscript open brace jk comma U close brace open parenthesis w close parenthesis \overline open brace bold math open brace mu close brace subscript open brace lm comma U close brace open parenthesis w close parenthesis close brace 
"$ c_ { 0 , n } =\Delta\d_ { n,1 } $", c subscript open brace 0 comma n close brace equals Delta \d subscript open brace n comma 1 close brace 
$ V_i=G/\mathscr { C } _i ( G ) $, V subscript i equals G divided by \mathscr open brace C close brace subscript i open parenthesis G close parenthesis 
"$ [ x ] ^ { + } =\max\ { 0 , x\ } $", open bracket x close bracket to the power of open brace plus close brace equals \max open brace 0 comma x close brace 
$ \seq { v_k } \subset L\^2\ ( \Omega_T\ ) $, \seq open brace v subscript k close brace strict subset of L to the power of 2 open parenthesis Omega subscript T close parenthesis 
$ a/R_\star $, a divided by R subscript \star 
$ m_ { V } \lesssim 1\text { GeV } /c^2 $, m subscript open brace V close brace \lesssim 1 \text open brace GeV close brace divided by c to the power of 2 
"$ ( w'_1 , \dots , w ' _ { k-1 } , w'_k,1 ) $", open parenthesis w' subscript 1 comma \dots comma w ' subscript open brace k minus 1 close brace comma w' subscript k comma 1 close parenthesis 
$ \Gamma\ra G ( k ) $, Gamma \ra G open parenthesis k close parenthesis 
"$ f ( \textbf { X } , \lambda ) $", f open parenthesis \textbf open brace X close brace comma lambda close parenthesis 
$ || { \mathbf P } - { \mathbf M } { \mathbf F } ||_2^2 $, vertical bar vertical bar open brace \mathbf P close brace minus open brace \mathbf M close brace open brace \mathbf F close brace vertical bar vertical bar subscript 2 to the power of 2 
$ |f ( \rho ( \gamma ) ) |\ne0 $, vertical bar f open parenthesis rho open parenthesis gamma close parenthesis close parenthesis vertical bar \ne 0 
$ \mathbb { E } [ \tilde { y } _t ] = 0 $, blackboard bold font open brace E close brace open bracket \tilde open brace y close brace subscript t close bracket equals 0 
$ \cS_ { \sharp } = \ { j \in [ p - 1 ] : w_ { j } ^ { \star } \neq 0\ } $, \cS subscript open brace \sharp close brace equals open brace j in open bracket p minus 1 close bracket colon w subscript open brace j close brace to the power of open brace \star close brace not equal to 0 close brace 
$ M ( Y_1 + Y_2 + \cdots + Y_d ) \le \sqrt { \frac { e } { d } } M ( Y_1 ) . $, M open parenthesis Y subscript 1 plus Y subscript 2 plus times s plus Y subscript d close parenthesis \le \sqrt open brace frac open brace e close brace open brace d close brace close brace M open parenthesis Y subscript 1 close parenthesis point 
